SAITE,klase,tēma,nodarbība,aktivitāte,Nosaukums,Apraksts,Resursa veids,Video ilgums ,Resursa avots,SKOLA2030 VĒRTĪBAS,SKOLA2030 tikumi,e-TAP vērtības,e-TAP tikumi,citi komentāri
https://registri.visc.gov.lv/vispizglitiba/saturs/dokumenti/metmat/vertibizglitiba/default.html ,1. klase,Draudzība,1. nodarbība: Kādas īpašības piemīt labam draugam?,2. aktivitāte. Draudzības recepte.,Interaktīvs mācību līdzeklis - vērtībizglītība.,2. aktivitāte. Draudzības recepte.,"Tiešsaistes spēle - cits
;",0,VISC,cieņa; ģimene ,godīgums; savaldība ,cilvēks kā persona; mīlestība; saskaņa ,draudzīgums; pateicīgums ,
https://www.youtube.com/watch?v=Cjh10ddUu98,1. klase,Kopienas,3. nodarbība: Dzīvot daudzveidīgā kopienā,"2. aktivitāte. “Nenovērsies, atbalsti!”.","Nenovērsies, atbalsti!","2. aktivitāte. “Nenovērsies, atbalsti!”.","Video - dokumentāla filma
;",12,"Filma pieder Žmonių su Dauno sindromu ir jų globėjų asociacija. Latviešu valodā ierunājis Andris Keišs. Ieskaņots studijā ""Marana Productions"". Tulkojusi Velga Polinska.",cieņa ,tolerance ,saskaņa; rūpes ,atvērtība jaunajam; draudzīgums ,
https://www.youtube.com/watch?v=PMH0RwtVb3A ,1. klase,Uzturs,1. nodarbība: Kas ir sabalansēts uzturs?,Papildmateriāli,Kā uzsākt sabalansēta uztura dzīvesveidu?,Papildmateriāli,"Video - intervija, saruna
;",25,"(Ieteikumu nav) kanāls ""VeseLīga""",dzīvība (veselība) ,atbildība; mērenība ,rūpes; atbildība ,pārliecinātība; kritiskā spriestspēja ,
https://www.youtube.com/watch?v=5hCIlZ2rTMc,1. klase,Uzturs,1. nodarbība: Kas ir sabalansēts uzturs?,Papildmateriāli,"Ko vislabāk ēst brokastīs, ko pusdienās un ko vakariņās?",Papildmateriāli,"Video - intervija, saruna
;",25,Rimi Latvija,dzīvība (veselība) ,atbildība; savaldība; mērenība ,rūpes; atbildība ,neatlaidība (noturība); pārliecinātība; kritiskā spriestspēja ,Papildus varat noskatīties “Kā uzbūvēt pašam savu uztura piramīdu?” (23.34 min.) https://www.youtube.com/watch?v=3c76OadqhQc
https://www.esparveselibu.lv/sites/default/files/2019-12/VeselsBerns_web_0.pdf,1. klase,Uzturs,1. nodarbība: Kas ir sabalansēts uzturs?,Tikumu praktizēšanas iespējas,Vesels bērns,Tikumu praktizēšanas iespējas,PDF - informatīvs materiāls;,0,Veselības ministrija,dzīvība (veselība) ,atbildība; gudrība ,rūpes; atbildība ,kritiskā spriestspēja; zinātkāre; pašvadība ,"Aktuālākā sadaļa ""Veselīgs uzturs"" skatāma 7.-26. lpp. "
https://www.youtube.com/watch?v=N989KXM2QwA&ab_channel=MadaraVildere,1. klase,Uzturs,2. nodarbība: Ieguvumi no veselīga uztura,Ierosme. Ieguvumi no sabalansēta uztura.,Veselīgs uzturs.,Ierosme. Ieguvumi no sabalansēta uztura.,"Video - multiplikācijas īsfilma
;",3,Madara Vildere,dzīvība (veselība) ,mērenība; savaldība ,rūpes; atbildība ,pašiedziļināšanās; kritiskā spriestspēja ,
https://www.youtube.com/watch?v=hooMxqwysZM,1. klase,Uzturs,2. nodarbība: Ieguvumi no veselīga uztura,Ierosme. Ieguvumi no sabalansēta uztura.,"Vai bērni zina, kas ir veselīgs uzturs?",Ierosme. Ieguvumi no sabalansēta uztura.,"Video - intervija, saruna
;",4,LIDO,dzīvība (veselība) ,gudrība; mērenība ,rūpes; atbildība ,pašiedziļināšanās; kritiskā spriestspēja ,
https://www.youtube.com/watch?v=QkdAxlo0WSo ,1. klase,Uzturs,2. nodarbība: Ieguvumi no veselīga uztura,Papildmateriāli,Bērnu ēšanas paradumu ietekme uz veselību,Papildmateriāli,"Video - intervija, saruna
;",3,Rīta panorāma,dzīvība (veselība) ,atbildība; mērenība ,atbildība ,pašiedziļināšanās; kritiskā spriestspēja ,
https://www.esparveselibu.lv/sites/default/files/2019-12/VeselsBerns_web_0.pdf,2. klase,Kaitīgas vielas,1. nodarbība: Kas ir kaitīgas vielas?,Papildmateriāli,"Veselības ministrijas materiāls ""Vesels bērns""",Papildmateriāli,Informatīvais materiāls pdf;,15,Veselības ministrija,dzīvība (veselība); brīvība ,atbildība; gudrība; mērenība; savaldība ,rūpes; brīvība; atbildība; harmonija ,pārliecinātība; apņēmīgums; pazemība; kritiskā spriestspēja; pašiedziļināšanās; pašvadība ,
https://www.youtube.com/watch?v=dn1QdVaWN_Y,2. klase,Kaitīgas vielas,2. nodarbība: Kādi ir riski?,Papildmateriāli,Kas paliek plaušās pēc vienas cigaretes izsmēķēšanas??,Papildmateriāli,"Video - intervija, saruna
;",2,"YouTube kanāls  ""Be Aware""",dzīvība (veselība) ,atbildība; gudrība ,rūpes; atbildība; harmonija ,pārliecinātība; zinātkāre; kritiskā spriestspēja ,
https://www.youtube.com/watch?v=sCXsPg2Njmg,2. klase,Kaitīgas vielas,3. nodarbība: Pareiza izvēle,Papildmateriāli,"Kampaņas ""Spēks pateikt NĒ!"" reklāmas klips (ar subtitriem)",Papildmateriāli,"Video - dokumentāla filma
;",1,Veselības ministrija,dzīvība (veselība); brīvība ,atbildība; drosme; mērenība; savaldība ,cieņa; brīvība; atbildība; miers; patiesība ,pārliecinātība; apņēmīgums; kritiskā spriestspēja; pašvadība ,
https://www.youtube.com/watch?v=1iuZuqQze5E,2. klase,Kaitīgas vielas,3. nodarbība: Pareiza izvēle,,"Kampaņas ""Spēks pateikt NĒ!"" reklāmas klips (pret smēķēšanu)",,"Video - intervija, saruna
;",1, Veselības ministrija ,dzīvība (veselība); brīvība ,atbildība; gudrība; drosme; mērenība; savaldība ,rūpes; brīvība; atbildība; harmonija ,pārliecinātība; kritiskā spriestspēja; pašiniciatīva; pašvadība ,
https://quizizz.com/admin/quiz/5c55a0f61eb942001ecbb705/iepaz%C4%ABsti-profesiju-pasauli,2. klase,Karjera,1. nodarbība: Kāpēc cilvēki strādā?,Kopīgā noslēguma apspriede. Pēc 10 gadiem,Viktorīna “Iepazīsti profesiju pasauli!”,Kopīgā noslēguma apspriede. Pēc 10 gadiem,Tiešsaistes spēle - Viktorīna;,10,quizizz.com,darbs ,gudrība; centība ,atbildība; harmonija ,pašiniciatīva; pārliecinātība; atvērtība jaunajam; pašiedziļināšanās ,
https://skaties.lv/zinas/latvija/sabiedriba/spej-vins-spej-vina-ar-kampanu-latvija-uzsak-cinu-pret-dzimumu-stereotipiem/,2. klase,Karjera,"2. nodarbība - Vai ir tādi darbi, kas paredzēti zēniem, un darbi, kas paredzēti meitenēm?",2. aktivitāte. Vienādojums ar nezināmajiem,SIF projekts “Spēj viņa = spēj viņš” mājas lapa ar TV3 sižetu,202. gada marta kampaņas mājas lapa cīņā pret dzimumu stereotipiem profesijas izvēlē. Satur pētījuma informāciju un arī 3 minūšu gars TV3 sižetu par šo tēmu,"Mājas lapa
;",5,skaties.lv,brīvība; darbs ,taisnīgums; solidaritāte; godīgums ,vienlīdzība; cilvēks kā persona; cieņa; brīvība; saskaņa ,pārliecinātība; atvērtība jaunajam; pašiedziļināšanās; līdzdalīgums ,
https://www.viaa.gov.lv/lv/media/2549/download,2. klase,Karjera,"2. nodarbība - Vai ir tādi darbi, kas paredzēti zēniem, un darbi, kas paredzēti meitenēm?",2. aktivitāte. Vienādojums ar nezināmajiem,Vienlīdzīgas karjeras iespējas sievietēm un vīriešiem  ,"Infografika skolēnu informēšanai par viņu tiesībām un iespējām izvēlēties izglītības iestādi vai darbu neatkarīgi no dzimuma, kā arī diskusijas veicināšanai par vienlīdzīgām karjeras iespējām.",infografika;,3,www.niid.lv,brīvība; darbs ,centība; gudrība ,atbildība ,pašiniciatīva; pārliecinātība; atvērtība jaunajam; kritiskā spriestspēja; pašiedziļināšanās ,karjera
https://ir.lv/2019/03/08/sievietes-un-viriesi-biznesa-ir-vienlidzigi/,2. klase,Karjera,"2. nodarbība - Vai ir tādi darbi, kas paredzēti zēniem, un darbi, kas paredzēti meitenēm?",2. aktivitāte. Vienādojums ar nezināmajiem,Sievietes un vīrieši biznesā ir vienlīdzīgi ,"Biznesa augstskolas Turība absolvente Ilze Kikste-Vaivara, kura vada viesnīcu Boutique Hotel & Restaurant MaMa. Viņa uzsver, ka biznesā veiksmi izšķir nevis dzimums, bet gadu gaitā uzkrātā pieredze un mīlestība pret to, ko dari",Raksts;,5,IR,cieņa; darbs; Latvijas valsts ,atbildība; centība; drosme ,atbildība; harmonija ,pašiniciatīva; pārliecinātība; neatlaidība (noturība); apņēmīgums; pašiedziļināšanās ,
https://forbesbaltics.com/lv/top-50-veiksmigakas-biznesa-sievietes,2. klase,Karjera,"2. nodarbība - Vai ir tādi darbi, kas paredzēti zēniem, un darbi, kas paredzēti meitenēm?",2. aktivitāte. Vienādojums ar nezināmajiem,"Forbes -  ""top 50 veiksmīgākas biznesa sievietes"" (2019)","Forbes veiksmīgāko biznesa sieviešu saraksts - reitingā iekļauts pussimts uzņēmēju un kompāniju vadītāju. Veidojot reitingu, tika ņemti vērā uzņēmumu rādītāji, kas publicēti Lursoft datubāzē. Tika vērtēts uzņēmumu apgrozījums, tā pieaugums, peļņa un eksporta apjoms.",Raksts;,5,Forbes,darbs ,atbildība; centība ,atbildība ,pārliecinātība; čaklums; neatlaidība (noturība); apņēmīgums ,
https://www.parprof.lv/,2. klase,Karjera,"2. nodarbība: Vai ir tādi darbi, kas paredzēti zēniem vai meitenēm?",2. aktivitāte. Vienādojums ar nezināmajiem,"TV ziņas - sižets ""Spēj viņa = spēj viņš""",2. aktivitāte. Vienādojums ar nezināmajiem,"Tiešsaistes spēle - cits
;",15,VIAA,darbs ,līdzcietība; atbildība; gudrība ,atbildība; cieņa ,pašiniciatīva; atvērtība jaunajam; apņēmīgums; zinātkāre ,
https://www.viaa.gov.lv/lv/ilustrativie-materiali,2. klase,Karjera,3. nodarbība: Kādu darbu es varētu strādāt?,,"Ilustratīvie materiāli, infografikas karjeras atbalstam",,"Attēls / plakāts
;",5,VIAA,darbs ,atbildība; gudrība ,atbildība ,pārliecinātība; zinātkāre; kritiskā spriestspēja; pašiedziļināšanās ,
https://www.profesijupasaule.lv/,2. klase,Karjera,3. nodarbība: Kādu darbu es varētu strādāt?,,"Mājas lapa ""Profesiju pasaule"" ",,"Mājas lapa
;",5,VIAA,darbs ,atbildība ,atbildība ,atvērtība jaunajam; zinātkāre; kritiskā spriestspēja; pašiedziļināšanās ,
https://youtu.be/e2HAIsYggaM,2. klase,Kiberterorizēšana,2. nodarbība - Kā kiberterorizēšana mūs ietekmē?,noslēguma apspriede: kur saņemt palīdzību,"“Kad saukt palīgā pieaugušo, kam uzticies?” ","“Kad saukt palīgā pieaugušo, kam uzticies?” - ""Supervaroņi internetā"" ir sociālā kampaņa, kuras mērķis ir veicināt bērnu medijpratību un drošību internetā, informējot gan bērnus, gan pieaugušos par riskiem un iespējām interneta vidē. Kampaņas laikā ir izveidoti pieci video, kas 5–8 gadus veciem bērniem māca izprast dažādas situācijas, ar kurām viņi varētu saskarties internetā, un aicina bērnus kļūt par pārliecinātiem un gudriem interneta lietotājiem",Video - multiplikācijas īsfilma;,1,Valsts Policija,dzīvība (veselība); cieņa ,atbildība; gudrība; drosme ,cieņa; patiesība; miers; drošība ,pārliecinātība; kritiskā spriestspēja ,
https://drossinternets.lv/lv/info/uzticibas-talrunis,2. klase,Kiberterorizēšana,2. nodarbība - Kā kiberterorizēšana mūs ietekmē?,noslēguma apspriede: kur saņemt palīdzību,Uzticības tālruņa 116111 mājas lapa ,"mājas lapa ar uzticība tālruni un saite - Uzticības tālrunis (116111), ko nodrošina  Valsts bērnu tiesību aizsardzības inspekcija. Atrunāts kādos gadījumos zvanīt 116111: ""Izmantojot internetu"", ""ģimenē"", ""skolā"", ""Tu pats""","Mājas lapa
;",3,drossinternets.lv,dzīvība (veselība); cieņa ,atbildība; gudrība; drosme ,uzticība; cieņa; rūpes; atbildība; miers ,izpalīdzība; atklātība ,
https://www.lia.lv/lv/info/drosaka-interneta-centrs,2. klase,Kiberterorizēšana,2. nodarbība - Kā kiberterorizēšana mūs ietekmē?,noslēguma apspriede: kur saņemt palīdzību,Drošāka interneta centra mājas lapa,"Informācija par Latvijas Drošāka interneta centru un to darbības virzieniem:  IZGLĪTOŠANAS DARBS (drossinternets.lv), ZIŅOJUMU LĪNIJA (par atklātajiem pārkāpumiem un nelegālu saturu internetā) un UZTICĪBAS TĀLRUNIS (nodrošina Valsts bērnu tiesību aizsardzības inspekcija)","Mājas lapa
;",4,Latvijas interneta asociācija,cieņa ,taisnīgums; atbildība; gudrība ,drošība; cieņa; rūpes; atbildība; miers ,izpalīdzība; kritiskā spriestspēja ,
https://www.youtube.com/watch?v=oVscx9BD2gc ,2. klase,Kiberterorizēšana,2. nodarbība - Kā kiberterorizēšana mūs ietekmē?,noslēguma apspriede: kur saņemt palīdzību,Drossinternets.lv - Kas mēs esam?,Drošāka interneta centra tīmekļa vietne - īss reklāmas video par pieejamiem resursiem tajā vietnē,"Video - multiplikācijas īsfilma
;",1,Drossinternets.lv,cieņa; Latvijas valsts ,atbildība; gudrība; drosme ,drošība; rūpes; atbildība; miers ,izpalīdzība; pašiniciatīva; kritiskā spriestspēja; līdzdalīgums ,
https://www.youtube.com/watch?v=rWDACNsvuKI,2. klase,Kiberterorizēšana,2. nodarbība: Kā kiberterorizēšana mūs ietekmē?,Ierosme. Kiberterorizēšana ,"Mācību filma skolēniem ""Roberts"" ņirgāšanās profilaksei interneta vidē (2016)",Ierosme. Kiberterorizēšana ,"Video - dokumentāla filma
;",23,SPKC,cieņa; kultūra ,tolerance; līdzcietība; laipnība; atbildība; gudrība ,cilvēks kā persona; cieņa; mīlestība; miers; saskaņa ,līdzjūtība; empātija; kritiskā spriestspēja; draudzīgums ,
https://youtu.be/e2HAIsYggaM,2. klase,Kiberterorizēšana,2. nodarbība: Kā kiberterorizēšana mūs ietekmē?,Papildus uzziņai,"īsfilma ""Kad saukt palīgā pieaugušo, kam uzticies?""",Papildus uzziņai,"Video - multiplikācijas īsfilma
;",1, Valsts policija,kultūra; Latvijas valsts ,taisnīgums; gudrība; drosme ,cieņa; miers ,pašiniciatīva; pārliecinātība; kritiskā spriestspēja; atklātība ,
https://www.youtube.com/watch?v=-fkKrIvF1SE,3. klase,Brīvprātīgais darbs,1. nodarbība: Kāpēc cilvēki veic brīvprātīgo darbu?,2. aktivitāte. Brīvprātīgo darbinieku stāsti ,Brīvprātīgais darbs - Dzīvo un strādā labi Pīterboro un Fenlandē,2. aktivitāte. Brīvprātīgo darbinieku stāsti ,"Video - multiplikācijas īsfilma
;",6, Peterborough City Council ,cieņa; Latvijas valsts ,taisnīgums; solidaritāte; atbildība ,cilvēks kā persona; mīlestība; atbildība; saskaņa ,izpalīdzība; dāsnums; pašiniciatīva; līdzdalīgums; spēja sadarboties ,
https://open-mind.lv/popularakas-labdaribas-organizacijas-latvija/,3. klase,Brīvprātīgais darbs,1. nodarbība: Kāpēc cilvēki veic brīvprātīgo darbu?,Ierosme. Labdarības organizāciju logotipi ,Populārākās labdarības organizācijas Latvijā,Ierosme. Labdarības organizāciju logotipi ,Raksts;,5,open-mind.lv,cieņa; Latvijas valsts; kultūra ,taisnīgums; solidaritāte; atbildība ,cilvēks kā persona; mīlestība; saskaņa ,izpalīdzība; līdzjūtība; empātija; dāsnums; pašiniciatīva; apņēmīgums; līdzdalīgums; spēja sadarboties ,
https://www.labdaribasfaktors.lv/top-5-labdaribas-organizacijas-pasaule/,3. klase,Brīvprātīgais darbs,1. nodarbība: Kāpēc cilvēki veic brīvprātīgo darbu?,Ierosme. Labdarības organizāciju logotipi , Top 5 labdarības organizācijas pasaulē,Ierosme. Labdarības organizāciju logotipi ,"Mājas lapa
;",5,Labdarības faktors,cieņa; Latvijas valsts ,taisnīgums; līdzcietība; solidaritāte; laipnība ,cilvēks kā persona; rūpes; mīlestība; atbildība; saskaņa ,izpalīdzība; dāsnums; līdzdalīgums; spēja sadarboties ,
https://www.youtube.com/watch?v=vcEf1FXbl6c,3. klase,Brīvprātīgais darbs,2. nodarbība: Kā kļūt par brīvprātīgo?,1. aktivitāte. Darbs dzīvnieku patversmēs ,Kā norit brīvprātīgais darbs dzīvnieku patversmē?,1. aktivitāte. Darbs dzīvnieku patversmēs ,"Video - dokumentāla filma
;",2, Dautkom latviski ,daba; Latvijas valsts ,līdzcietība; laipnība; atbildība ,rūpes; atbildība; saskaņa ,izpalīdzība; līdzjūtība; empātija; dāsnums; līdzdalīgums; spēja sadarboties ,
https://www.spkc.gov.lv/lv/aktiva-ik-diena,3. klase,Fiziskās aktivitātes,1. nodarbība: Kāpēc ir jāsporto?,2. aktivitāte. Dažādi fizisko aktivitāšu veidi ,Sabiedrības informēšanas kampaņu „Aktīva ik diena!”,2. aktivitāte. Dažādi fizisko aktivitāšu veidi ,"Mājas lapa
;",10,"SPKC, Veselības ministrija",dzīvība (veselība) ,centība; atbildība ,brīvība; atbildība; daba; harmonija ,pašiniciatīva; neatlaidība (noturība); pašvadība ,
https://medicine.lv/raksti/fizisko-aktivitasu-nozime-bernu-un-jauniesu-ikdiena,3. klase,Fiziskās aktivitātes,1. nodarbība: Kāpēc ir jāsporto?,2. aktivitāte. Dažādi fizisko aktivitāšu veidi ,Fizisko aktivitāšu nozīme bērnu un jauniešu ikdienā,2. aktivitāte. Dažādi fizisko aktivitāšu veidi ,Raksts;,3,medicine.lv,dzīvība (veselība) ,atbildība; gudrība ,rūpes; atbildība; patiesība; harmonija ,pašiniciatīva; čaklums; apņēmīgums; pašvadība ,
http://tests.dreamfoundation.eu/career-test/page3,3. klase,Karjera,"3. nodarbība - Vai ir tādi darbi, kas paredzēti zēniem, un darbi, kas paredzēti meitenēm?",noslēguma apspriede: karjeras tests,Karjeras tests - dream! foundation (latviski),"Karjeras tests sevis iepazīšanai. Pirmā daļa par rakstura iezīmēm, otrā - par aktivitātēm, kas patīk, trešā - par profesijām, kas patiktu.",karjeras tests;,15,dream foundation,darbs ,gudrība ,atbildība ,atvērtība jaunajam; pašiedziļināšanās ,testa beigās lūdz ievadīt e-pastu
https://www.jw.org/lv/b%C4%ABbeles-m%C4%81c%C4%ABbas/jaunie%C5%A1iem/anim%C4%81cija-video/nepadodies-vienaud%C5%BEu-spiedienam/,3. klase,Vienaudžu spiediens,1. nodarbība: Kas ir vienaudžu izdarītais spiediens?,,Animācijas filma “Nepadodies vienaudžu spiedienam!”,,"Video - multiplikācijas īsfilma
;",4,jw.org,brīvība; cieņa ,taisnīgums; godīgums; gudrība; drosme ,cilvēks kā persona; cieņa; atbildība; miers; saskaņa ,pārliecinātība; apņēmīgums; kritiskā spriestspēja; pašvadība ,
https://spoki.lv/testi/Vai-spej-atskirt-viltus-zinas-no/877575,3. klase,Viltus ziņas,1. nodarbība: Kas ir viltus ziņas?,1. aktivitāte. Viltus ziņu atpazīšana ,Vai spēj atšķirt viltus ziņas no patiesām ziņām? Izpildi testu un pārbaudi sevi!,1. aktivitāte. Viltus ziņu atpazīšana ,Tiešsaistes spēle - Viktorīna;,5,spoki.lv,brīvība; kultūra ,godīgums; gudrība ,cieņa; patiesība ,pārliecinātība; zinātkāre; kritiskā spriestspēja ,
https://rebaltica.lv/recheck/,3. klase,Viltus ziņas,1. nodarbība: Kas ir viltus ziņas?,1. aktivitāte. Viltus ziņu atpazīšana ,"faktu pārbaudes mājas lapa ""Re:check""",1. aktivitāte. Viltus ziņu atpazīšana ,"Mājas lapa
;",10,Re:Baltica,brīvība; kultūra; Latvijas valsts ,atbildība; godīgums; gudrība ,cieņa; atbildība; patiesība ,pārliecinātība; kritiskā spriestspēja; zinātkāre ,
https://www.youtube.com/watch?v=LOriHFVxKuI,3. klase,Viltus ziņas,1. nodarbība: Kas ir viltus ziņas?,Kopīgā noslēguma apspriede. Vai tas tiešām nav patiess? ,video “Baltimeli – viltus ziņas,Kopīgā noslēguma apspriede. Vai tas tiešām nav patiess? ,"Video - dokumentāla filma
;",3, Goethe-Institut Rīgā ,brīvība; kultūra ,atbildība; gudrība ,cieņa; atbildība; patiesība ,zinātkāre; kritiskā spriestspēja; attapība ,
https://www.dzirkstele.lv/vietejas-zinas/viltus-zinu-veidi-ko-par-tiem-zinam-164708,3. klase,Viltus ziņas,1. nodarbība: Kas ir viltus ziņas?,, Viltus ziņu veidi: ko par tiem zinām?,,Raksts;,5,dzirkstele.lv,cieņa ,godīgums; gudrība ,cieņa; atbildība; patiesība ,zinātkāre; kritiskā spriestspēja; attapība ,
https://www.lsm.lv/smadzenu-skalotava,3. klase,Viltus ziņas,2. nodarbība: Kas padara žurnālistu tikumīgu?,2. aktivitāte. Būt par žurnālistu ,"Spēle ""Smadzeņu skalotavas"" ",2. aktivitāte. Būt par žurnālistu ,"Tiešsaistes spēle - cits
;",12,lsm.lv,cieņa; Latvijas valsts; kultūra ,taisnīgums; godīgums; gudrība ,cieņa; patiesība; atbildība ,zinātkāre; kritiskā spriestspēja; attapība ,
https://drossinternets.lv/lv/materials/listall/berniem,4. klase,Attiecības tiešsaistē,3. nodarbība: Veselīga draudzība tiešsaistē,Ierosme. Saglabāt drošību tiešsaistē ,drossinternets.lv materiāli,Ierosme. Saglabāt drošību tiešsaistē ,"Mājas lapa
;",10,drossinternets.lv,dzīvība (veselība); cieņa ,atbildība; gudrība; mērenība ,cieņa; atbildība; brīvība; harmonija ,pārliecinātība; kritiskā spriestspēja; pašvadība ,
https://jaunatne.gov.lv/iespejas-jauniesiem/,4. klase,Demokrātija,1. nodarbība: Piedalīšanās demokrātijas veidošanā,Ierosme. Piedalīšanās ,"""Iespējas jauniešiem""",Ierosme. Piedalīšanās ,"Mājas lapa
;",5,Jaunatnes starptautisko programmu aģentūra,Latvijas valsts; kultūra ,solidaritāte; atbildība; drosme ,cilvēks kā persona; atbildība; saskaņa ,pašiniciatīva; līdzdalīgums; spēja sadarboties ,
https://www.youtube.com/watch?v=4R5D25D3AFI,4. klase,Konfliktu risināšana,"2. nodarbība: Situācijas, kurās abas puses ir ieguvējas",Ierosme. Konfliktu risināšanas pieredzi ,Konfliktu risināšanas pieredze,Ierosme. Konfliktu risināšanas pieredzi ,"Video - intervija, saruna
;",5, LU kanāls - atbalstslulv ,cieņa; kultūra ,līdzcietība; laipnība; gudrība; mērenība; savaldība ,cieņa; rūpes; harmonija; saskaņa ,līdzjūtība; empātija; kritiskā spriestspēja; pašvadība; draudzīgums ,
https://www.youtube.com/watch?v=6OW32j66ht0,4. klase,Konfliktu risināšana,3. nodarbība: Mediatori,1. aktivitāte. Mediatori ,Par prasmi risināt konfliktus: mediatore un komunikācijas trenere Ilze Dzenovska,1. aktivitāte. Mediatori ,"Video - intervija, saruna
;",90,CILVĒKJAUDA,cieņa; kultūra; Latvijas valsts ,tolerance; laipnība; godīgums; savaldība ,cilvēks kā persona; cieņa; patiesība; harmonija; saskaņa ,empātija; atvērtība jaunajam; pazemība; pašiedziļināšanās; pašvadība; draudzīgums ,
http://www.mediacija.lv/?Projekti:%22Vienaud%C5%BEu_medi%C4%81cija_%26ndash%3B_ce%C4%BC%C5%A1_uz_sadarb%C4%ABbu%21%22,4. klase,Konfliktu risināšana,3. nodarbība: Mediatori,1. aktivitāte. Mediatori ,"""Vienaudžu mediācija – ceļš uz sadarbību!""",1. aktivitāte. Mediatori ,Raksts;,4,mediacija.lv,cieņa; kultūra ,tolerance; laipnība; godīgums; savaldība ,cilvēks kā persona; cieņa; patiesība; harmonija; saskaņa ,empātija; atvērtība jaunajam; pašiedziļināšanās; pašvadība; draudzīgums ,
https://www.youtube.com/watch?v=2j65V5AeCdo,4. klase,Stress,1. nodarbība: Kas ir stress?,1. aktivitāte. Kas tev rada stresu? ,"""Par ko streso Latvijas bērni""",1. aktivitāte. Kas tev rada stresu? ,"Video - intervija, saruna
;",4, Lauris Reiniks ,dzīvība (veselība) ,laipnība; gudrība; mērenība ,cilvēks kā persona; rūpes; harmonija; miers ,līdzjūtība; pazemība; pašiedziļināšanās; pašvadība ,
https://www.youtube.com/watch?v=g75BTjHEKMQ,4. klase,Stress,2. nodarbība: Stresa pārvarēšana,2. aktivitāte. Kur es varu saņemt palīdzību? ,"""Ko darīt, ja ir panikas lēkmes?""",2. aktivitāte. Kur es varu saņemt palīdzību? ,"Video - dokumentāla filma
;",3, Medicīnas Kanāls ,dzīvība (veselība) ,līdzcietība; laipnība; gudrība; savaldība ,cilvēks kā persona; rūpes; harmonija; miers ,līdzjūtība; neatlaidība (noturība); pašiedziļināšanās; pašvadība ,
https://www.youtube.com/watch?v=Nu4_EGntg90,4. klase,Stress,"3. nodarbība: Atbalsts cilvēkiem, kas izjūt stresu",Ierosme. Slavenības atklājas ,Influenceri personiskos stāstos dalās sāpīgā pieredzē - Patrisha,Ierosme. Slavenības atklājas ,"Video - intervija, saruna
;",5,Valsts bērnu tiesību aizsardzības inspekcija,dzīvība (veselība); cieņa ,līdzcietība; laipnība; atbildība; savaldība ,cilvēks kā persona; rūpes; harmonija; miers ,līdzjūtība; empātija; pārliecinātība; pašiedziļināšanās; draudzīgums ,
https://beactivelatvia.lv/jaunumi/,5. klase,Fiziskās aktivitātes,2. nodarbība: Mans fizisko aktivitāšu plāns,2. aktivitāte. Plāna izstrāde ,#beactive - jaunumi,2. aktivitāte. Plāna izstrāde ,"Mājas lapa
;",5,Latvijas sporta federācijas padome,dzīvība (veselība); Latvijas valsts ,centība; drosme; mērenība ,cilvēks kā persona; harmonija; miers ,pašiniciatīva; čaklums; apņēmīgums; pašvadība ,
https://www.youtube.com/watch?v=Cjh10ddUu98,5. klase,Kopienas,"2. nodarbība: Kopiena, daudzveidība un dažādība","4. aktivitāte. “Nenovērsies, atbalsti!” ","""Nenovērsies, atbalsti!""","4. aktivitāte. “Nenovērsies, atbalsti!” ","Video - dokumentāla filma
;",12,"Dauna sindromu atbalsta asociācija ""Žmonių su Dauno sindromu ir jų globėjų""",dzīvība (veselība); cieņa; ģimene ,tolerance; līdzcietība; solidaritāte; laipnība ,cilvēks kā persona; cieņa; mīlestība; atbildība; saskaņa ,izpalīdzība; līdzjūtība; empātija; atvērtība jaunajam; draudzīgums; līdzdalīgums ,
https://www.youtube.com/watch?v=a426FaOsVvM,5. klase,Kopienas,"2. nodarbība: Kopiena, daudzveidība un dažādība",5. aktivitāte. Cilvēki-morālās autoritātes ,Himnas stāsts. Lidija Lasmane-Doroņina,5. aktivitāte. Cilvēki-morālās autoritātes ,"Video - intervija, saruna
;",6, Rakstniecības un mūzikas muzejs ,Latvijas valsts; latviešu valoda; kultūra; brīvība ,taisnīgums; atbildība; drosme ,cieņa; brīvība; atbildība; saskaņa; patiesība ,pašiniciatīva; pārliecinātība; neatlaidība (noturība); pazemība; atklātība ,
https://www.la.lv/95-gadu-vecuma-miris-nelsons-mandela,5. klase,Kopienas,"2. nodarbība: Kopiena, daudzveidība un dažādība",Alternatīva 4. aktivitātei: Cilvēks-morāla autoritāte ,95 gadu vecumā miris Nelsons Mandela,Alternatīva 4. aktivitātei: Cilvēks-morāla autoritāte ,Raksts;,4,la.lv,brīvība; cieņa; kultūra ,taisnīgums; tolerance; solidaritāte; drosme ,cilvēks kā persona; cieņa; mīlestība; brīvība; saskaņa ,izpalīdzība; pašiniciatīva; pārliecinātība; neatlaidība (noturība); apņēmīgums ,
https://www.youtube.com/watch?v=0I8IbjXe5EM,5. klase,Sociālie tīkli,1. nodarbība: Palikt drošībā,Ierosme. Tests ,Videoblogs - Sociālie tīkli.,Ierosme. Tests ,"Video - intervija, saruna
;",10,nakotnesparks blogs,cieņa; kultūra ,atbildība; gudrība; mērenība ,cieņa; atbildība; miers; saskaņa ,kritiskā spriestspēja; attapība; pašvadība ,
https://www.youtube.com/watch?v=gqhqhzwcFow ,6. klase,Kiberterorizēšana,1. nodarbība: Kas ir kiberterorizēšana,Ierosme,Kā atpazīt vardarbību internetā?,Ierosme,"Video - dokumentāla filma
;",2,VBTAI,dzīvība (veselība); cieņa ,mērenība; gudrība; taisnīgums ,atbildība; cieņa; cilvēks kā persona ,kritiskā spriestspēja; attapība ,
https://drossinternets.lv/lv/info/emocionala-pazemosana,6. klase,Kiberterorizēšana,2. nodarbība: Kā reaģēt?,1. aktivitāte. Tikumi un kiberterorizēšana.,Emocionāla pazemošana,1. aktivitāte. Tikumi un kiberterorizēšana.,Raksts;,3,Latvijas Drošāka interneta centrs,dzīvība (veselība); cieņa ,drosme; atbildība; laipnība ,rūpes; atbildība; cilvēks kā persona ,kritiskā spriestspēja; draudzīgums; izpalīdzība ,
https://literatura.lv/lv/person/Anna-Irbe/1473554,6. klase,Nauda,1. nodarbība: Vēlmes un vajadzības,3. aktivitāte. Cilvēks - morālā autoritāte,Anna Irbe,3. aktivitāte. Cilvēks - morālā autoritāte,Biogrāfija;,5,LU LFMI,kultūra; Latvijas valsts ,gudrība ,cilvēks kā persona; brīvība; rūpes ,līdzjūtība; pašiniciatīva; atvērtība jaunajam; apņēmīgums; pazemība ,
https://lv.wikipedia.org/wiki/Anna_Irbe ,6. klase,Nauda,1. nodarbība: Vēlmes un vajadzības,3. aktivitāte. Cilvēks un morālā autoritāte,Anna Irbe,3. aktivitāte. Cilvēks un morālā autoritāte,Biogrāfija;,3,Vikipēdija,kultūra; Latvijas valsts ,gudrība ,cilvēks kā persona; brīvība; rūpes ,līdzjūtība; pašiniciatīva; atvērtība jaunajam; apņēmīgums; pazemība ,
https://www.vestnesis.lv/ta/id/18374 ,6. klase,Nauda,1. nodarbība: Vēlmes un vajadzības,3. aktivitāte. Cilvēks-morālā autoritāte ,Latviešu pēdas rīta zemē Indijā. Reiz un tagad.,3. aktivitāte. Cilvēks-morālā autoritāte ,Biogrāfija;,4,Latvijas Vēstnesis,kultūra; Latvijas valsts ,gudrība ,cilvēks kā persona; rūpes; brīvība ,līdzjūtība; pašiniciatīva; atvērtība jaunajam; apņēmīgums; pazemība ,
https://likumi.lv/ta/id/275061-brivpratiga-darba-likums,7. klase,Brīvprātīgais darbs,1. nodarbība: Kāpēc jāveic brīvprātīgais darbs?,3. aktivitāte. Tava kopiena ,Brīvprātīgā darba likums,3. aktivitāte. Tava kopiena ,Likums;,5,Latvijas Vēstnesis,brīvība; darbs; Latvijas valsts ,atbildība; godīgums; centība ,cieņa; brīvība; atbildība ,pašiniciatīva; atvērtība jaunajam; apņēmīgums ,
http://abjc.lv/?page_id=48,7. klase,Brīvprātīgais darbs,1. nodarbība: Kāpēc jāveic brīvprātīgais darbs?,3. aktivitāte. Tava kopiena ,Kas ir brīvprātīgais darbs?,3. aktivitāte. Tava kopiena ,Raksts;,2,Alūksnes Bērnu un jauniešu centrs,brīvība; darbs; Latvijas valsts ,centība; atbildība ,atbildība ,pašiniciatīva; apņēmīgums; atvērtība jaunajam ,
https://www.redcross.lv/jauniesi/kas-mes-esam/,7. klase,Brīvprātīgais darbs,2. nodarbība: Kā brīvprātīgais darbs var mani pilnveidot?,1. aktivitāte. Jaunatnes sociālā darbība ,Latvijas Sarkanā Krusta Jaunatne,1. aktivitāte. Jaunatnes sociālā darbība ,"Mājas lapa
;Video - dokumentāla filma
;",3,Latvijas Sarkanais Krusts,brīvība; darbs ,atbildība; drosme; centība ,atbildība; brīvība ,izpalīdzība; pašiniciatīva; atvērtība jaunajam; apņēmīgums; līdzdalīgums ,
https://www.youtube.com/watch?v=t5jl1cD1zLE&ab_channel=LatgalesRegionalaTV,7. klase,Brīvprātīgais darbs,2. nodarbība: Kā brīvprātīgais darbs var mani pilnveidot?,2. aktivitāte. Cilvēks-morālā autoritāte ,Gada brīvprātīgais 2015 – radošā apvienība jauniešiem “TREPES”,2. aktivitāte. Cilvēks-morālā autoritāte ,Video - ziņu sižets;,2,Latvijas reģionālā televīzija,darbs; Latvijas valsts ,laipnība; atbildība ,rūpes; cieņa; atbildība ,izpalīdzība; empātija; dāsnums; pašiniciatīva; apņēmīgums ,
https://www.laikmetazimes.lv/2015/05/11/alberts-sveicers-1dala-filozofs-teologs-humanists/,7. klase,Brīvprātīgais darbs,2. nodarbība: Kā brīvprātīgais darbs var mani pilnveidot?,2. aktivitāte. Cilvēks-morālā autoritāte ,Laikmeta zīmes,2. aktivitāte. Cilvēks-morālā autoritāte ,Biogrāfija;,2,Laikmeta zīmes,darbs; ģimene ,atbildība; centība; drosme; gudrība ,cilvēks kā persona; rūpes; atbildība; patiesība; harmonija ,izpalīdzība; līdzjūtība; dāsnums; pašiniciatīva; neatlaidība (noturība); apņēmīgums; atklātība ,
https://www.youtube.com/watch?v=TsVSUMr2TAY&ab_channel=PuMPuRS ,7. klase,Konfliktu risināšana,1. nodarbība: Kā rodas konflikti?,1. aktivitāte. Konflikta kāpinātājs ,PuMPuRS. 8. filma. Konflikti skolā. Šajā filmā uzzināsi - kas ir konflikts un kā to risināt!,1. aktivitāte. Konflikta kāpinātājs ,"Video - dokumentāla filma
;",7,Pumpurs,cieņa; darbs; ģimene ,tolerance; laipnība; savaldība ,cilvēks kā persona; cieņa; saskaņa; patiesība; atbildība ,empātija; draudzīgums; atklātība; izpalīdzība; pašiniciatīva; kritiskā spriestspēja ,
https://www.youtube.com/watch?v=oU2d1R0Xcpk,7. klase,Konfliktu risināšana,2. nodarbība: Kā konflikti var mainīt sabiedrību?,2. aktivitāte: Tautu varonība ,Baltijos kelias / Baltijas ceļš / Balti kett (1989),2. aktivitāte: Tautu varonība ,Video - dokumentālie kadri;,1,(Ieteikumu nav) privāts profils,brīvība; Latvijas valsts ,solidaritāte; drosme ,brīvība; mīlestība; miers; saskaņa ,apņēmīgums; neatlaidība (noturība) ,
https://www.youtube.com/watch?v=UKtdBAJGK9I,7. klase,Konfliktu risināšana,2. nodarbība: Kā konflikti var mainīt sabiedrību?,2. aktivitāte: Tautu varonība ,"Atmostas Baltija, Bunda Jau Baltija, Ärgake Baltimaad, Baltic states, wake up",2. aktivitāte: Tautu varonība ,"Video - dziesma
;",3,(Ieteikumu nav) privāts profils ,brīvība; Latvijas valsts ,solidaritāte; drosme ,mīlestība; brīvība; miers; saskaņa ,apņēmīgums; neatlaidība (noturība) ,
https://manadrosiba.lv/wp-content/uploads/2019/06/e-forma_14plus_alkoholsm.png,7. klase,Narkotikas alkohols,1. nodarbība: Saprātīga izvēle,2. aktivitāte. Narkotiku kaitīgā ietekme ,Alkohols,2. aktivitāte. Narkotiku kaitīgā ietekme ,"Attēls / plakāts
;",2,Valsts policija,dzīvība (veselība) ,atbildība; gudrība; savaldība ,atbildība ,kritiskā spriestspēja ,
https://manadrosiba.lv/wp-content/uploads/2019/06/e-forma_14plus_narkotikasm.png,7. klase,Narkotikas alkohols,1. nodarbība: Saprātīga izvēle,2. aktivitāte. Narkotiku kaitīgā ietekme ,Narkotikas,2. aktivitāte. Narkotiku kaitīgā ietekme ,"Attēls / plakāts
;",2,Valsts policija,dzīvība (veselība) ,atbildība; gudrība; savaldība ,atbildība ,kritiskā spriestspēja ,
https://likumi.lv/ta/id/176425-alkohola-narkotisko-psihotropo-vai-toksisko-vielu-ietekmes-parbaudes-kartiba,7. klase,Narkotikas alkohols,1. nodarbība: Saprātīga izvēle,,"Alkohola, narkotisko, psihotropo vai toksisko vielu ietekmes pārbaudes kārtība",,MK noteikumi;,5,Latvijas Vēstnesis,dzīvība (veselība); Latvijas valsts ,atbildība; godīgums ,cilvēks kā persona; atbildība; patiesība ,kritiskā spriestspēja ,
https://www.youtube.com/watch?v=8yfG0-F5kE8,7. klase,Narkotikas alkohols,2. nodarbība: Ieradumi,2. aktivitāte. Cilvēks-morālā autoritāte ,Filma par priesteri Mariušu Kempu | 2009,2. aktivitāte. Cilvēks-morālā autoritāte ,"Video - dokumentāla filma
;",25,Vertikāle,kultūra; brīvība ,drosme ,rūpes; mīlestība; patiesība; harmonija ,līdzjūtība; pateicīgums; pazemība; pašiedziļināšanās ,
http://www.esibrivs.lv/lv/tests/identifikacijas_tests,7. klase,Narkotikas alkohols,2. nodarbība: Ieradumi,Ierosme. Tests par atkarību un alkoholu ,Alkohola lietošanas traucējumu identifikācijas tests ,Ierosme. Tests par atkarību un alkoholu ,Tests;,5,"Biedrība ""Esi brīvs""",dzīvība (veselība) ,savaldība; mērenība ,atbildība ,kritiskā spriestspēja; pašiedziļināšanās; atklātība ,
http://www.esibrivs.lv/lv/tests/cik_lidzatkarigs_tu_esi,7. klase,Narkotikas alkohols,2. nodarbība: Ieradumi,Ierosme. Tests par atkarību un alkoholu ,Cik līdzatkarīgs tu esi?,Ierosme. Tests par atkarību un alkoholu ,Tests;,5,"Biedrība ""Esi brīvs""",dzīvība (veselība) ,godīgums ,cilvēks kā persona; patiesība; atbildība ,atklātība; pašiedziļināšanās; kritiskā spriestspēja ,
https://www.skolanakotnei.lv/,7. klase,Viltus ziņas,1. nodarbība: Kas ir viltus ziņas?,3. aktivitāte. Viltus ziņu atpazīšana ,Solve for Tomorrow,3. aktivitāte. Viltus ziņu atpazīšana ,"Mājas lapa
;",5,Samsung Electronics Baltics,dzīvība (veselība); ģimene; darbs ,atbildība; mērenība; gudrība ,rūpes; atbildība; saskaņa ,līdzdalīgums; spēja sadarboties; kritiskā spriestspēja; pašiniciatīva ,
https://lvportals.lv/norises/287732-demokratija-un-viltus-zinas-2017,7. klase,Viltus ziņas,2. nodarbība: Kas padara ziņu patērētāju tikumīgu?,3. aktivitāte. Domāšanas jautājumi ,Demokrātija un viltus ziņas,3. aktivitāte. Domāšanas jautājumi ,Raksts;,3,Latvijas Vēstnesis,brīvība; Latvijas valsts ,gudrība; atbildība ,atbildība; patiesība ,zinātkāre; kritiskā spriestspēja; attapība ,
https://fotokvartals.lv/2021/05/26/viss-attela-del-ka-vara-iznicina-zurnalistiku-baltkrievija/,7. klase,Viltus ziņas,2. nodarbība: Kas padara ziņu patērētāju tikumīgu?,5. aktivitāte. Cilvēks-morālā autoritāte ,“Viss attēla dēļ”. Kā vara iznīcina žurnālistiku Baltkrievijā,5. aktivitāte. Cilvēks-morālā autoritāte ,Blogs;,3,Foto kvartāls,brīvība; darbs ,taisnīgums; godīgums; drosme ,brīvība; atbildība; patiesība ,atklātība ,
https://www.youtube.com/watch?v=Mo-e3OWmIC0&ab_channel=4studija ,8. klase,Fiziskā veselība,1. nodarbība: Uzturs,1. aktivitāte. Videoklips ,Ātri pagatavojamās nūdeles izraisa atkarību un ietekmē potenci,1. aktivitāte. Videoklips ,"Video - dokumentāla filma
;",4, 4 studija,dzīvība (veselība) ,atbildība ,rūpes; atbildība ,kritiskā spriestspēja ,
https://www.youtube.com/watch?v=xA9c7Odf1ss,8. klase,Fiziskā veselība,2. nodarbība: Fiziskās aktivitātes,2. aktivitāte. Kā tu sporto? ,Video padoms - fiziskās aktivitātes vecuma grupā no 14 līdz 35 gadiem,2. aktivitāte. Kā tu sporto? ,"Video - intervija, saruna
;",5, Slimību profilakses un kontroles centrs,dzīvība (veselība) ,atbildība; mērenība ,rūpes; atbildība; harmonija ,pašiniciatīva; neatlaidība (noturība) ,
https://www.youtube.com/watch?v=W3bc3tVs54k,8. klase,Fiziskā veselība,2. nodarbība: Fiziskās aktivitātes,4. aktivitāte. Laura Ikauniece ,Laura Ikauniece atgriežas daudzcīņā,4. aktivitāte. Laura Ikauniece ,"Video - intervija, saruna
;",8,Sporta Studija,dzīvība (veselība); darbs; Latvijas valsts ,atbildība; centība; drosme; mērenība ,cilvēks kā persona; rūpes; atbildība; patiesība; harmonija ,pārliecinātība; neatlaidība (noturība); apņēmīgums; kritiskā spriestspēja ,
https://www.youtube.com/watch?v=cdVmPxd4Br8,8. klase,Fiziskā veselība,3. nodarbība: Miegs,4. aktivitāte. Sagatavo raidierakstu ,Kā nepareizs miegs var sagraut tavu veselību?,4. aktivitāte. Sagatavo raidierakstu ,"Video - dokumentāla filma
;",25,Raidījums ''VeseLīga'',dzīvība (veselība) ,atbildība; mērenība ,rūpes; atbildība; miers ,kritiskā spriestspēja ,
https://www.youtube.com/watch?v=2EcMtHQ6K5U,8. klase,Tava nākotne,1. nodarbība: Laba dzīve,3. aktivitāte.  “Labas dzīves” izpratne,Tiecības. Operdziedātāja Marina Rebeka. Par labā pārsvaru pār ļauno pasaulē.,3. aktivitāte.  “Labas dzīves” izpratne,"Video - dokumentāla filma
;",4, Katoļu baznīcas informācijas aģentūra,brīvība ,gudrība ,cilvēks kā persona; mīlestība; brīvība; patiesība; harmonija ,pateicīgums; pārliecinātība; pašiedziļināšanās; atklātība ,
https://www.youtube.com/watch?v=hOc7hdMYh6E,8. klase,Tava nākotne,1. nodarbība: Laba dzīve,3. aktivitāte.  “Labas dzīves” izpratne , Laba dzīve un jēga. Kārlis Freibergs. Eksperimentālās sarunas,3. aktivitāte.  “Labas dzīves” izpratne ,"Video - intervija, saruna
;",9, Eksperimentālās sarunas,brīvība ,atbildība; godīgums; gudrība ,cilvēks kā persona; rūpes; atbildība; patiesība; harmonija ,pašiniciatīva; pārliecinātība; kritiskā spriestspēja; atklātība ,
https://www.youtube.com/watch?v=GBnGnbp7vlo,8. klase,Tava nākotne,2. nodarbība: Kas tevi dzīvē sagaida?,3. aktivitāte – otrs variants. Apstākļi un dzīve ,"RAIMONDS PAULS. Par slavu, sievu, politiku, šlāgeri, ordeņiem, taksistu, uztraukumu, dzeršanu, tautu",3. aktivitāte – otrs variants. Apstākļi un dzīve ,"Video - intervija, saruna
;",46,Rezervēts,dzīvība (veselība); ģimene; darbs; Latvijas valsts; kultūra ,drosme ,cilvēks kā persona; brīvība; patiesība ,pārliecinātība; pašiedziļināšanās; atklātība ,
https://dieviete.lv/zinas/izklaide/143359-macibas-opra-vinfrija/,8. klase,Tava nākotne,2. nodarbība: Kas tevi dzīvē sagaida?,3. aktivitāte. Apstākļi un dzīve ,"Sešas dzīves mācības, ko cilvēkiem sniedz Opra Vinfrija",3. aktivitāte. Apstākļi un dzīve ,Raksts;,4,www.dieviete.lv,dzīvība (veselība) ,drosme; mērenība; godīgums; centība ,rūpes; harmonija; atbildība ,pateicīgums; pārliecinātība; atvērtība jaunajam; neatlaidība (noturība) ,
https://42money.ru/lv/domashnijj-ochag/opra-uinfri-mirovaya-zvezda-televideniya-istorii-uspeha.html,8. klase,Tava nākotne,2. nodarbība: Kas tevi dzīvē sagaida?,3. aktivitāte. Apstākļi un dzīve ,Opra Vinfrija ir pasaules  mēroga televīzijas zvaigzne. Veiksmes stāsti.,3. aktivitāte. Apstākļi un dzīve ,Biogrāfija;,4,"Psiholoģija, nauda, ​​valsts. Neidentificēts. Internets. Ģimene un bērni",dzīvība (veselība); darbs; ģimene ,centība; drosme ,cilvēks kā persona; brīvība; atbildība ,pateicīgums; pašiniciatīva; pārliecinātība; atvērtība jaunajam; neatlaidība (noturība); atklātība ,
https://www.youtube.com/watch?v=o4AUaPhB1_k&ab_channel=L%C4%81smaReimane,8. klase,Tehnoloģijas,1. nodarbība: Gudra tehnoloģiju izmantošana,1. aktivitāte. Ko tehnoloģijas mums nodara? ,Jaunieši un modernās tehnoloģijas,1. aktivitāte. Ko tehnoloģijas mums nodara? ,"Video - YouTube kanāls
;",2,(Ieteikumu nav) privātais profils,dzīvība (veselība) ,mērenība ,atbildība ,kritiskā spriestspēja; pašvadība ,
https://www.youtube.com/watch?v=KWNr6VroF1w,8. klase,Tehnoloģijas,1. nodarbība: Gudra tehnoloģiju izmantošana,1. aktivitāte. Ko tehnoloģijas mums nodara? ,HomoTabletis,1. aktivitāte. Ko tehnoloģijas mums nodara? ,"Video - multiplikācijas īsfilma
;",3,Centrs Dardedze,dzīvība (veselība) ,mērenība ,atbildība; saskaņa; rūpes ,kritiskā spriestspēja ,
https://satori.lv/article/zalgalvja-7-serija-dzive-digitalaja-troksni?fbclid=IwAR20dZeHjpAixCbQwJvxfbqxt_va_NiUt0bAI4HXiob4HmfjnhQeB-xt9eQ.,8. klase,Tehnoloģijas,2. nodarbība: Pozitīvas tiešsaistes reputācijas veidošana,1. aktivitāte. Reputācija tiešsaistē ,"""Zaļgalvja"" 7. sērija: dzīve digitālajā troksnī",1. aktivitāte. Reputācija tiešsaistē ,"Video - dokumentāla filma
;",14,Satori,dzīvība (veselība) ,atbildība; mērenība ,atbildība; daba; harmonija ,kritiskā spriestspēja; pārliecinātība; neatlaidība (noturība) ,
https://pusaudzim.lv/    ,8. klase,Veselīgas attiecības,1. nodarbība: Emocionālā veselība,4. aktivitāte. Labklājības forums , Pusaudžu e-resursu centrs,4. aktivitāte. Labklājības forums ,"Mājas lapa
;",2,Pusaudžu e-resursu centrs,dzīvība (veselība) ,drosme ,cilvēks kā persona; rūpes; patiesība; miers ,pašiniciatīva; atvērtība jaunajam; atklātība ,
https://www.skalbes.lv/,8. klase,Veselīgas attiecības,1. nodarbība: Emocionālā veselība,4. aktivitāte. Labklājības forums ,"Krīžu un konsultāciju centrs ""Skalbes""",4. aktivitāte. Labklājības forums ,"Mājas lapa
;",3,"Krīžu un konsultāciju centrs ""Skalbes""",dzīvība (veselība); darbs ,drosme ,cilvēks kā persona; rūpes; miers; patiesība ,pašiniciatīva; atvērtība jaunajam; atklātība ,
https://www.facebook.com/watch/?v=294471068505733,9. klase,Garīgā veselība,2. nodarbība: Pašcieņa,3. aktivitāte. Liecības ,"""Dzīvei nav melnraksta"" : Gatis Caunītis",3. aktivitāte. Liecības ,"Video - intervija, saruna
;",8,LTV Ziņu dienests ,dzīvība (veselība); brīvība ,drosme; godīgums ,cilvēks kā persona; brīvība; patiesība ,pateicīgums; apņēmīgums; pazemība ,
https://www.lsm.lv/raksts/zinas/latvija/datorspelu-razotaji-izmanto-pat-azartspelu-biznesa-elementus-sankciju-nav.a297493/ ,9. klase,Tiešsaistes atkarības,1. nodarbība: Tiešsaistes azartspēles un atkarība,2. aktivitāte. Atkarība ,Aizliegtais paņēmiens. Operācija: «Fortnite»,2. aktivitāte. Atkarība ,"Video - dokumentāla filma
;",5,LTV,dzīvība (veselība) ,mērenība; atbildība; gudrība ,atbildība ,kritiskā spriestspēja; pašvadība; attapība ,
https://www.facebook.com/watch/?v=530748801616981,9. klase,Veselīgas attiecības,1. nodarbība: Pārvarēt sēras,4. aktivitāte. Inese Prisjolkova - alternatīva,"""Dzīvei nav melnraksta"". Anete Bendika",4. aktivitāte. Inese Prisjolkova - alternatīva,"Video - intervija, saruna
;",16,LTV Ziņu dienests ,dzīvība (veselība); ģimene ,atbildība; drosme ,rūpes; mīlestība; atbildība ,atklātība; apņēmīgums; neatlaidība (noturība) ,
https://www.filmas.lv/movie/1338/,9. klase,Veselīgas attiecības,2. nodarbība: Eksistenciālie jautājumi,"4. aktivitāte. Kas ietekmē, nosaka, palīdz izdarīt izšķirošas izvēles? ",Nāves ēnā,"4. aktivitāte. Kas ietekmē, nosaka, palīdz izdarīt izšķirošas izvēles? ",Video - mākslas filma;,10,Rīgas kinostudija,dzīvība (veselība); kultūra ,drosme ,atbildība ,pārliecinātība ,
https://www.jw.org/lv/b%C4%ABbeles-m%C4%81c%C4%ABbas/jaunie%C5%A1iem/anim%C4%81cija-video/nepadodies-vienaud%C5%BEu-spiedienam/,9. klase,Veselīgas attiecības,3. nodarbība: Vienaudžu izdarītais spiediens,2. aktivitāte. Nepakļaušanās vienaudžu izdarītajam spiedienam ,Nepadodies vienaudžu spiedienam!,2. aktivitāte. Nepakļaušanās vienaudžu izdarītajam spiedienam ,"Video - multiplikācijas īsfilma
;",4,Jehovas liecinieki,dzīvība (veselība); brīvība ,drosme; godīgums; atbildība ,cilvēks kā persona; rūpes; atbildība; brīvība; miers ,pārliecinātība; neatlaidība (noturība); kritiskā spriestspēja; atklātība ,
http://www.kvk.lv/mate-tereze-no-kalkutas-1910-1997/,9. klase,Veselīgas attiecības,3. nodarbība: Vienaudžu izdarītais spiediens,4. aktivitāte. Kā veidojas ļaužu interese par ievērojamām personībām? (ieteicamais laiks 10-15 min.),Māte Terēze no Kalkutas (1910–1997),4. aktivitāte. Kā veidojas ļaužu interese par ievērojamām personībām? (ieteicamais laiks 10-15 min.),Biogrāfija;,5,Kristīgās vadības koledža,cieņa; brīvība ,gudrība; laipnība; līdzcietība ,cilvēks kā persona; rūpes; mīlestība; miers ,dāsnums; pateicīgums; pazemība ,
https://www.youtube.com/watch?v=gBIKAkLttNE&ab_channel=VinetaV%C4%ABtola,Pirmsskola (5 gadi),Ģimene,1. nodarbība: Mana ģimene,1. aktivitāte. Kādi cilvēki ir tavā ģimenē?,Pirkstu ģimene,1. aktivitāte. Kādi cilvēki ir tavā ģimenē?,"Video - dziesma
;",2,www.dziesmasberniem.lv ,ģimene ,laipnība ,mīlestība ,pateicīgums ,
https://pasakas.nn.lv/pasakas/literaras_pasakas/d/draudzibas_speks/,Pirmsskola (5 gadi),Jūtas ,3. nodarbība: Nepatīkamas jūtas,Kopīgā noslēguma apspriede.  Stāstu grāmata.,"Dzirdas Rinkules Zemzares pasaka ""Draudzības spēks""",Kopīgā noslēguma apspriede.  Stāstu grāmata.,Mājas lapa - audio pasaka;,3,pasakas.nn.lv,cieņa ,laipnība; drosme; gudrība ,rūpes; saskaņa; daba ,izpalīdzība; līdzjūtība; pateicīgums; spēja sadarboties ,
https://www.youtube.com/watch?v=oHrOBTGI1xs&ab_channel=DrogasLatvija,Pirmsskola (5 gadi),Mana veselība,1. nodarbība: Tīras rokas,1. aktivitāte. Roku mazgāšana.,Mācību video par pareizu roku mazgāšanu,1. aktivitāte. Roku mazgāšana.,Video - mācību īsfilma;,2,Drogas Latvija,dzīvība (veselība) ,atbildība; centība ,rūpes; atbildība ,pašiniciatīva; pašvadība ,
https://youtu.be/Jv_r5QdW5RA,Pirmsskola (5 gadi),Mana veselība,1. nodarbība: Tīras rokas,1. aktivitāte. Roku mazgāšana.,Kā pareizi mazgāt rokas?,1. aktivitāte. Roku mazgāšana.,Video - mācību īsfilma.;,2,LTV ziņu dienests,dzīvība (veselība) ,atbildība ,atbildība ,pašiniciatīva; pašvadība ,
https://www.youtube.com/watch?v=T6iR7LG33tw&t=8s&ab_channel=Slim%C4%ABbuprofilaksesunkontrolescentrs,Pirmsskola (5 gadi),Mana veselība,1. nodarbība: Tīras rokas,1. aktivitāte. Roku mazgāšana.,Mistera Ziepiņa roku mazgāšanas dziesmiņa,1. aktivitāte. Roku mazgāšana.,"Video - dziesma
;",2,SPKC,dzīvība (veselība) ,centība; atbildība ,rūpes; atbildība ,pašvadība; līdzdalīgums ,
https://www.delfi.lv/calis/enciklopedija/kapec-biezi-jamazga-rokas-uzskatams-fizikas-eksperiments-berniem.d?id=51968575  ,Pirmsskola (5 gadi),Mana veselība,1. nodarbība: Tīras rokas,1. aktivitāte. Roku mazgāšana.,Kāpēc bieži jāmazgā rokas? Uzskatāms fizikas eksperiments bērniem ,1. aktivitāte. Roku mazgāšana.,Video - eksperiments.;,1,www.delfi.lv,dzīvība (veselība) ,centība; gudrība ,atbildība ,atvērtība jaunajam; radošums; pašvadība ,
https://bernistaba.lsm.lv/zime/kraso/kategorijas/47,Pirmsskola (5 gadi),Mana veselība,1. nodarbība: Tīras rokas,2. aktivitāte. Dalīšanās ar zināšanām.,Zīmē. Higiēna. ,2. aktivitāte. Dalīšanās ar zināšanām.,"Tiešsaistes spēle - cits
;",0,LSM Bērnistaba,dzīvība (veselība) ,centība ,rūpes; atbildība ,radošums; apņēmīgums; pašiedziļināšanās ,
https://www.youtube.com/watch?v=vDlFPEoCnRo&ab_channel=Slim%C4%ABbuprofilaksesunkontrolescentrs ,Pirmsskola (5 gadi),Mana veselība,1. nodarbība: Tīras rokas,Ierosme. Baktērijas.,Par Janča punci un tīrām rokām,Ierosme. Baktērijas.,"Video - multiplikācijas īsfilma
;",4,SPKC,dzīvība (veselība) ,gudrība; centība ,atbildība; rūpes ,pašiniciatīva; pašvadība ,
http://www.mazgarokas.lv,Pirmsskola (5 gadi),Mana veselība,1. nodarbība: Tīras rokas,Kolēģu komentāri - tēmas papildināšanai,Mazgā rokas pareizi - 8 roku mazgāšanas soļi,Kolēģu komentāri - tēmas papildināšanai,"Video - dziesma
;Mājas lapa
;",0,mazgarokas.lv,ģimene; dzīvība (veselība) ,centība; atbildība ,atbildība ,apņēmīgums; čaklums ,
https://bernistaba.lsm.lv/speles/atminas/variants/164-ievero-higienu,Pirmsskola (5 gadi),Mana veselība,1. nodarbība: Tīras rokas,,Ievēro higiēnu - atmiņas spēle,,"Tiešsaistes spēle - cits
;",0,LSM bērnistaba ,dzīvība (veselība) ,gudrība ,pacietība ,zinātkāre; pašvadība ,
https://www.youtube.com/watch?v=vm5fhXa-30Q,Pirmsskola (5 gadi),Mana veselība,2. nodarbība: Veselīgs uzturs,Tikumu praktizēšanas iespējas,Ģimenes dienu veselīgās uzkodas,Tikumu praktizēšanas iespējas,"Video - YouTube kanāls
;",4,Rimi Latvija,dzīvība (veselība) ,centība ,rūpes; atbildība ,pašvadība; pašiniciatīva ,
https://www.esparveselibu.lv/sites/default/files/2019-12/VeselsBerns_web_0.pdf ,Pirmsskola (5 gadi),Mana veselība,2. nodarbība: Veselīgs uzturs,Tikumu praktizēšanas iespējas,Informatīvs materiāls izglītības iestāžu pedagogiem par veselības izglītības jautājumiem no 1. līdz 6. klasei,Tikumu praktizēšanas iespējas,Informatīvs materiāls izglītības iestāžu pedagogiem;,0,Veselības ministrija,dzīvība (veselība) ,gudrība; mērenība ,atbildība ,pašiniciatīva; pārliecinātība; neatlaidība (noturība) ,
https://www.youtube.com/watch?v=2uNKxfe8dGk&ab_channel=Slim%C4%ABbuprofilaksesunkontrolescentrs,Pirmsskola (5 gadi),Mana veselība,3. nodarbība: Fiziskās aktivitātes ,"Kolēģu ieteiktie materiāli, kas noder nodarbības papildināšanai.",Veselība ir kustībā! Fiziskās aktivitātes 3-5 gadu vecumā,"Kolēģu ieteiktie materiāli, kas noder nodarbības papildināšanai.","Video - ieteikumi, pamācība vecākiem;",3,SPKC,dzīvība (veselība) ,centība; atbildība ,rūpes; cilvēks kā persona ,neatlaidība (noturība); apņēmīgums; līdzdalīgums ,
https://www.vugd.gov.lv/lv/profesijas-valsts-ugunsdzesibas-un-glabsanas-dienesta ,Pirmsskola (5 gadi),Palīdzība,1. nodarbība: Kurš var mums palīdzēt?,Papildmateriāli,Profesijas Valsts ugunsdzēsības un glābšanas dienestā,Papildmateriāli,Prezentācija / darba lapas;,0,VUGD,dzīvība (veselība) ,atbildība; drosme; savaldība ,atbildība ,pārliecinātība; pašvadība; atbildība ,
https://e-biblioteka.liepu.lv/magazine/download/182 ,Pirmsskola (5 gadi),Palīdzība,1. nodarbība: Kurš var mums palīdzēt?,Papildmateriāli,"Integrētā nodarbība “Vienmēr steidzas palīgā""",Papildmateriāli,Integrētās nodarbības plāns;,0,"Oksana Žerebkova un Irina Kozela, Daugavpils 27. pirmsskolas izglītības iestādes skolotājas",dzīvība (veselība); darbs ,atbildība; gudrība ,cieņa; atbildība ,izpalīdzība; zinātkāre; pateicīgums ,
https://www.izglitiba.daugavpils.lv/Media/Default/file/=2012/BIC/180207_Inform_materials_I_love.pdf  ,Pirmsskola (5 gadi),Palīdzība,1. nodarbība: Kurš var mums palīdzēt?,Papildmateriāli,Pilsoniskā un patriotiskā audzināšana,Papildmateriāli,Informatīvs materiāls;,0,Kristīna Ivancova,Latvijas valsts; cieņa ,laipnība; gudrība ,rūpes; atbildība ,zinātkāre; pateicīgums ,
https://www.youtube.com/watch?v=wXaURn4tYBs&ab_channel=VUGD,Pirmsskola (5 gadi),Palīdzība,2. nodarbība: Ārkārtas situācijas,1. aktivitāte. Kā mums jārīkojas.,Rīcība ārkārtas situācijā. Auto avārija.,1. aktivitāte. Kā mums jārīkojas.,"Video - multiplikācijas īsfilma
;",1,VUGD,dzīvība (veselība) ,atbildība; drosme ,rūpes; atbildība ,pašiniciatīva; pašvadība ,Skatieties līdzīgus video par ārkārtas situācijām. ZĀDZĪBA - https://www.youtube.com/watch?v=s7pyGwvHcHg&ab_channel=VUGD  / UGUNSGRĒKS - https://www.youtube.com/watch?v=gIvfMcWiu1E&ab_channel=VUGD
https://www.vugd.gov.lv/lv/izglitojosi-materiali-berniem-un-jauniesiem,Pirmsskola (5 gadi),Palīdzība,2. nodarbība: Ārkārtas situācijas,Papildmateriāli.,Izglītojoši materiāli bērniem un jauniešiem par drošību,Papildmateriāli.,"Dažādi (darba lapas, krāsojamās lapas, plakāti, prezentācijas);",0,VUGD,dzīvība (veselība) ,atbildība; drosme ,atbildība; rūpes ,izpalīdzība; pašiniciatīva; pašvadība ,Piedāvāto materiālu ir daudz. Tāpēc rūpīgi tos apskatiet un izvērtējiet atbilstību konkrētajam vecumposmam.
https://www.youtube.com/watch?v=WbbmSteOQT0 .,Pirmsskola (5 gadi),Palīdzība,3. nodarbība: Pateicības izrādīšana,1. aktivitāte. Intervija.,Paliec Mājās Supervaroņ,1. aktivitāte. Intervija.,"Video - multiplikācijas īsfilma
;",7,SPKC,dzīvība (veselība); cieņa ,atbildība; drosme ,cieņa; atbildība ,kritiskā spriestspēja; līdzdalīgums ,
https://registri.visc.gov.lv/vispizglitiba/saturs/dokumenti/metmat/vertibizglitiba/default.html,Pirmsskola (6 gadi),Draugi,1. nodarbība: Laba drauga tikumi,1. aktivitāte. Labs draugs ir...,"ATŠĶIRĪBAS. Attieksme pret atšķirīgo, tolerance un līdzjūtība.",1. aktivitāte. Labs draugs ir...,Interaktīvs mācību materiāls;,0,VISC,cieņa ,laipnība; godīgums ,mīlestība; saskaņa ,draudzīgums; empātija ,
https://registri.visc.gov.lv/vispizglitiba/saturs/dokumenti/metmat/vertibizglitiba/default.html,Pirmsskola (6 gadi),Draugi,1. nodarbība: Laba drauga tikumi,Kopīgā noslēguma apspriede: 5 pirkstu tehnika.,"Mācīties, draudzēties, spēlēties",Kopīgā noslēguma apspriede: 5 pirkstu tehnika.,"Spēles metodoloģija, informatīvas prezentācijas;",0,uzvediba.lv,cieņa ,tolerance; savaldība ,saskaņa; cilvēks kā persona ,empātija; draudzīgums; spēja sadarboties ,
https://learningapps.org/display?v=ptmuu97qj21,Pirmsskola (6 gadi),Draugi,3. nodarbība: Strīdi ar draugiem,Kopīgā noslēguma apspriede: 5 pirkstu tehnika.,Kas palīdz draudzībai?,Kopīgā noslēguma apspriede: 5 pirkstu tehnika.,"Tiešsaistes spēle - cits
;",0,"Praktiķis (vārds, uzvārds nav minēts)",cieņa ,tolerance; laipnība ,cilvēks kā persona; cieņa ,atklātība; draudzīgums ,
https://maciunmacies.valoda.lv/speles/valodina/aiziet.html ,Pirmsskola (6 gadi),Drošība Internetā,1. nodarbība: Internets ir lielisks,1. aktivitāte. Interneta izmantošana.,Valodiņa. 10 piedzīvojumi valodas pasaulē.,1. aktivitāte. Interneta izmantošana.,"Tiešsaistes spēle - cits
;",0,Māci un mācies !,darbs ,gudrība; atbildība ,atbildība ,apņēmīgums; zinātkāre ,"Papildus interneta vietnes, kuras izmantot vērtīga satura apguvei - (https://pasakas.nn.lv/), (www.tavaklase.lv) . "
https://www.youtube.com/watch?v=TI0Qxix5sJc&ab_channel=RimiLatvija,Pirmsskola (6 gadi),Drošība Internetā,1. nodarbība: Internets ir lielisks,Ierosme. Internets ir visur.,Ko bērni var iemācīt vecākiem par internetu?,Ierosme. Internets ir visur.,"Video - intervija, saruna
;",3,Rimi Latvija,ģimene; darbs ,atbildība; gudrība ,atbildība ,spēja sadarboties; zinātkāre ,
https://www.youtube.com/watch?v=sIdZAKoqgKQ&ab_channel=Valstspolicija,Pirmsskola (6 gadi),Drošība Internetā,1. nodarbība: Internets ir lielisks,Ierosme. Internets ir visur. ,Kā internets var palīdzēt?,Ierosme. Internets ir visur. ,"Video - multiplikācijas īsfilma
;",1,Valsts policija,darbs ,atbildība; mērenība ,atbildība ,zinātkāre; attapība ,
https://drossinternets.lv/lv/materials/download/dzejoli-par-internetu,Pirmsskola (6 gadi),Drošība Internetā,1. nodarbība: Internets ir lielisks,Papildmateriāli. ,Dzejoļi par internetu,Papildmateriāli. ,PDF - dzejoļi;,0,www.drossinternets.lv,darbs ,gudrība ,harmonija ,zinātkāre ,
https://drossinternets.lv/lv/info/vaifija-interneta-alfabets,Pirmsskola (6 gadi),Drošība Internetā,1. nodarbība: Internets ir lielisks,Tikumu praktizēšanas iespējas,Vaifija interneta alfabēts,Tikumu praktizēšanas iespējas,"Mājas lapa
;",0,www.drossinternets.lv,darbs; cieņa ,atbildība; gudrība ,atbildība; patiesība ,zinātkāre; attapība; pašvadība ,
https://drossinternets.lv/lv/info/aitu-dzive,Pirmsskola (6 gadi),Drošība Internetā,"2. nodarbība: Saturs, kas mūs biedē, satrauc vai apbēdina",1. aktivitāte. Dīvainas sajūtas vēderā. ,Aitu dzīve.,1. aktivitāte. Dīvainas sajūtas vēderā. ,"Video - multiplikācijas īsfilma
;",0,www.drossinternets.lv,brīvība; cieņa ,gudrība; drosme ,atbildība; brīvība ,atklātība; pašiniciatīva ,
https://drossinternets.lv/lv/materials/download/rokasgramata-skolotajiem-supervaroni-interneta-darbam-pirmsskola ,Pirmsskola (6 gadi),Drošība Internetā,"2. nodarbība: Saturs, kas mūs biedē, satrauc vai apbēdina",Papildmateriāli,"Rokasgrāmata skolotājiem darbam pirmsskolā  ""Supervaroņi internetā"" .",Papildmateriāli,Rokasgrāmata;,0,"Valsts policija, Kultūras ministrija, www.drossinternets.lv",cieņa; brīvība ,gudrība; drosme ,cieņa; rūpes ,atklātība; pašiniciatīva ,
https://www.youtube.com/watch?v=gBwEoQago7Q&ab_channel=Saarlanee4K,Pirmsskola (6 gadi),Drošība Internetā,3. nodarbība: Personīgās informācijas turēšana drošībā,1. aktivitāte. Personīgā informācija.,Ko nedrīkst teikt svešiniekam?,1. aktivitāte. Personīgā informācija.,"Video - multiplikācijas īsfilma
;",1,Valsts policija,cieņa; brīvība ,gudrība; atbildība ,miers ,attapība; kritiskā spriestspēja ,"Iegūto informāciju iespējams papildināt ar video no drossinternets.lv materiāliem ""Aitu dzīve"". Piemēram - https://www.youtube.com/watch?v=OOE38auoppI&ab_channel=LatvijasDro%C5%A1%C4%81kainternetacentrs "
https://www.draudzigsinternets.lv/bernu-drosiba-interneta/ ,Pirmsskola (6 gadi),Drošība Internetā,3. nodarbība: Personīgās informācijas turēšana drošībā,Papildmateriāli,Bērnu drošība internetā ,Papildmateriāli,"Mājas lapa
;",0,www.draudzigsinternets.lv,cieņa; brīvība ,atbildība; gudrība ,atbildība ,attapība; pašvadība ,
http://www.videsfonds.lv/documents/ekoskolu-dabas-izgl-t-bas-materi-ls-pirmsskol-m.pdf,Pirmsskola (6 gadi),Kopiena,"1. nodarbība: Kopienas, pie kurām mēs piederam",Tikumu praktizēšanas iespējas.,Ekoskolu metodiskais dabas izglītības materiāls pirmsskolai,Tikumu praktizēšanas iespējas.,Metodiskais materiāls;,0,"Latvijas vides aizsardzības fonds, Meža attīstības fonds",daba; cieņa ,atbildība; gudrība ,rūpes; daba ,līdzdalīgums; pašvadība; apņēmīgums ,
https://www.youtube.com/watch?v=JHZkr7LKWXc&ab_channel=Br%C4%ABnumskapis-Topic ,Pirmsskola (6 gadi),Kopiena,3. nodarbība: Būt daudzveidīgā kopienā,2. aktivitāte. Laiks stāstiem. ,Dažādas audio pasakas.,2. aktivitāte. Laiks stāstiem. ,Audio pasakas;,0,Dažādi,cieņa ,tolerance; laipnība ,cieņa; saskaņa ,empātija; pašiedziļināšanās ,"Trīs siventiņi (https://www.youtube.com/watch?v=rIZ4Z2Uj_84&ab_channel=PasakasarPrieku) , Pasaka par gudro muļķītī (https://www.youtube.com/watch?v=_3vC0Cw6fI8&ab_channel=Elzaspasakas), Neglītais pīlēns (https://www.youtube.com/watch?v=ahXRm_7GQrg&ab_channel=Kamol%C4%ABtis)"
https://www.youtube.com/watch?v=Cjh10ddUu98,Pirmsskola (6 gadi),Kopiena,3. nodarbība: Būt daudzveidīgā kopienā,"Alternatīva 2. aktivitātei: “Nenovērsies, atbalsti!”","Nenovērsies, atbalsti!","Alternatīva 2. aktivitātei: “Nenovērsies, atbalsti!”",Video - izglītojoša īsfilma;,12,Žmonių su Dauno sindromu ir jų globėjų asociacija,dzīvība (veselība); cieņa ,tolerance; līdzcietība ,cilvēks kā persona; cieņa; mīlestība ,empātija; pašiedziļināšanās ,papildu informācija par šo iniciatīvu - https://www.e-klase.lv/aktualitates/zinas/par-godu-21-martam-tapusi-izglitojosa-filmina-par-dauna-sindromu?id=21045